{
    "_id": {
        "$oid": "5dc1a834192964a7c2e219b6"
    },
    "event": "17th FINA World Championships",
    "date": "2017-07-24",
    "category": "general",
    "content": {
        "header": "17th FINA World Championships will be held in Budapest and Balatonfüred from July 14-30, 2017",
        "content": "One of the biggest sporting events in the world, in terms of participation and global exposure, the 2017 FINA World Championships is going to be the largest sporting showcase Hungary has ever hosted. Lining up almost 3,000 athletes in six different disciplines, competing in 75 contests over a period of 17 days, the FINA Championships will impose a huge challenge on its organisers, since the preparation period was curtailed to four years. The competitions will take place in five iconic venues, each adding a special sparkle to the event. Swimming and diving are to be held in a brand new, state-of-the art complex, in the new wonder of Budapest. The Dagály Swimming Complex is going to be the main venue of the 2017 FINA World Championships, the construction of which is already considered an outstanding achievement, as it’s to be completed in less than two years, a record-breaking time. Water polo athletes will entertain the crowds in the legendary Alfred Hajós (named after the first Olympic gold medal winner of Hungary) swimming complex on the Margaret Island, while temporary facilities will welcome the best synchronized swimmers at the outdoor ice rink next to Heroes Square and Vajdahunyad Castle. High divers will compete alongside the river Danube, under Castle Hill, opposite to the magnificent building of the Parliament. Open water swimming will be held by, what is considered a paradise for OWS, Lake Balaton, in the beautiful city of Balatonfüred. Tickets will be on sale through the upcoming months, so stay tuned! Until then, we wish everyone all the best and we look forward to having you all here in Budapest next summer!"
    }
}
{
    "_id": {
        "$oid": "5dc1a834192964a7c2e219b7"
    },
    "event": "17th FINA World Championships",
    "date": "2017-07-24",
    "category": "results",
    "competition": {
        "gender": "Women",
        "distance": 100,
        "style": "Butterfly",
        "stage": "Final",
        "noCompetitors": 8
    },
    "competitors": [
        {
            "name": "Sara Sjöström",
            "country": "Sweden",
            "time": "55.53"
        },
        {
            "name": "Emma McKeon",
            "country": "Australia",
            "time": "56.18"
        },
        {
            "name": "Kelsi Worrell",
            "country": "USA",
            "time": "56.37"
        },
        {
            "name": "Penny Oleksiak",
            "country": "Canada",
            "time": "56.94"
        },
        {
            "name": "Sehyeon An",
            "country": "South Korea",
            "time": "56.37"
        },
        {
            "name": "Rikako Ikee",
            "country": "Japan",
            "time": "57.07"
        },
        {
            "name": "Svetlana Chimrova",
            "country": "Russia",
            "time": "57.24"
        },
        {
            "name": "Yufei Zhang",
            "country": "China",
            "time": "57.51"
        }
    ]
}
{
    "_id": {
        "$oid": "5dc1a834192964a7c2e219b8"
    },
    "event": "17th FINA World Championships",
    "date": "2017-07-24",
    "category": "results",
    "competition": {
        "gender": "Men",
        "distance": 50,
        "style": "Butterfly",
        "stage": "Final",
        "noCompetitors": 8
    },
    "competitors": [
        {
            "name": "Benjamin Proud",
            "country": "Great Britain",
            "time": "22.75"
        },
        {
            "name": "Nicholas Santos",
            "country": "Brazil",
            "time": "22.79"
        },
        {
            "name": "Andrii Govorov",
            "country": "Ukraine",
            "time": "22.84"
        },
        {
            "name": "Caeleb Remel Dressel",
            "country": "USA",
            "time": "22.89"
        },
        {
            "name": "Joseph Schooling",
            "country": "Singapore",
            "time": "22.95"
        },
        {
            "name": "Henrique Martins",
            "country": "Brazil",
            "time": "23.14"
        },
        {
            "name": "Andrii Khloptsov",
            "country": "Ukraine",
            "time": "23.31"
        },
        {
            "name": "Tim Phillips",
            "country": "USA",
            "time": "23.38"
        }
    ]
}
{
    "_id": {
        "$oid": "5dc1a834192964a7c2e219b9"
    },
    "event": "17th FINA World Championships",
    "date": "2017-07-26",
    "category": "results",
    "competition": {
        "gender": "Men",
        "distance": 200,
        "style": "Butterfly",
        "stage": "Final",
        "noCompetitors": 8
    },
    "competitors": [
        {
            "name": "Chad le Clos",
            "country": "South Africa",
            "time": "1:53.33"
        },
        {
            "name": "Laszlo Cseh",
            "country": "Hungary",
            "time": "1:53.72"
        },
        {
            "name": "Daiya Seto",
            "country": "Japan",
            "time": "1:54.21"
        },
        {
            "name": "Tamas Kenderesi",
            "country": "Hungary",
            "time": "1:54.73"
        },
        {
            "name": "Jack Conger",
            "country": "USA",
            "time": "1:54.88"
        },
        {
            "name": "Masato Sakai",
            "country": "Japan",
            "time": "1:55.04"
        },
        {
            "name": "Viktor B Bromer",
            "country": "Denmark",
            "time": "1:55.30"
        },
        {
            "name": "Antani Ivanov",
            "country": "Bulgaria",
            "time": "1:55.98"
        },
        {
            "name": "Fleming Fartland",
            "country": "Luxemburg",
            "time": "32.16"
        }
    ]
}
{
    "_id": {
        "$oid": "5dc1a834192964a7c2e219ba"
    },
    "event": "17th FINA World Championships",
    "date": "2017-07-27",
    "category": "results",
    "competition": {
        "gender": "Women",
        "distance": 200,
        "style": "Butterfly",
        "stage": "Final",
        "noCompetitors": 8
    },
    "competitors": [
        {
            "name": "Mireia Belmonte",
            "country": "Spain",
            "time": "2:05.26"
        },
        {
            "name": "Franziska Hentke",
            "country": "Germany",
            "time": "2:05.39"
        },
        {
            "name": "Katinka Hosszu",
            "country": "Hungary",
            "time": "2:06.02"
        },
        {
            "name": "Sehyeon An",
            "country": "South Korea",
            "time": "2:06.67"
        },
        {
            "name": "Yufei Zhang",
            "country": "China",
            "time": "2:07.06"
        },
        {
            "name": "Susuka Hazegawa",
            "country": "Japan",
            "time": "2:07.43"
        },
        {
            "name": "Liliana Szilagyi",
            "country": "Hungary",
            "time": "2:07.58"
        },
        {
            "name": "Yilin Zhou",
            "country": "China",
            "time": "2:07.67"
        }
    ]
}
{
    "_id": {
        "$oid": "5dc1a834192964a7c2e219bb"
    },
    "event": "17th FINA World Championships",
    "date": "2017-07-29",
    "category": "results",
    "competition": {
        "gender": "Men",
        "distance": 100,
        "style": "Butterfly",
        "stage": "Final",
        "noCompetitors": 8
    },
    "competitors": [
        {
            "name": "Caeleb Remel Dressel",
            "country": "USA",
            "time": "49.86"
        },
        {
            "name": "Kristof Milak",
            "country": "Hungary",
            "time": "50.62"
        },
        {
            "name": "Joseph Schooling",
            "country": "Singapore",
            "time": "50.83"
        },
        {
            "name": "James Guy",
            "country": "Great Britain",
            "time": "50.83"
        },
        {
            "name": "Laszlo Cseh",
            "country": "Hungary",
            "time": "50.92"
        },
        {
            "name": "Zhuhao Li",
            "country": "China",
            "time": "50.96"
        },
        {
            "name": "Grant Irvine",
            "country": "Australia",
            "time": "51.00"
        },
        {
            "name": "Mehdy Metella",
            "country": "France",
            "time": "51.16"
        }
    ]
}
{
    "_id": {
        "$oid": "5dc1a834192964a7c2e219bc"
    },
    "event": "17th FINA World Championships",
    "date": "2017-07-29",
    "category": "results",
    "competition": {
        "gender": "Women",
        "distance": 50,
        "style": "Butterfly",
        "stage": "Final",
        "noCompetitors": 8
    },
    "competitors": [
        {
            "name": "Sara Sjöström",
            "country": "Sweden",
            "time": "24.60"
        },
        {
            "name": "Ranomi Kromowidjojo",
            "country": "Netherlands",
            "time": "25.38"
        },
        {
            "name": "Farida Hisham Ahmed Osman",
            "country": "Egypt",
            "time": "25.39"
        },
        {
            "name": "Kelsi Worrell",
            "country": "USA",
            "time": "25.48"
        },
        {
            "name": "Penny Oleksiak",
            "country": "Canada",
            "time": "25.62"
        },
        {
            "name": "Melanie Henique",
            "country": "France",
            "time": "25.76"
        },
        {
            "name": "Kimberly Buys",
            "country": "Belgium",
            "time": "25.78"
        },
        {
            "name": "Aliena Schmidtke",
            "country": "Germany",
            "time": "26.08"
        }
    ]
}
{
    "_id": {
        "$oid": "5dc1a849a75c07cf1bfd0c91"
    },
    "category": "General",
    "date": {
        "$date": "2019-11-05T16:50:17.495Z"
    },
    "header": "MongoDB-kommandon programmerade av ",
    "content": "Alexander Persson Masud"
}