<com.basho.riak.client.bucket.DefaultBucketProperties>
  <allowSiblings>false</allowSiblings>
  <lastWriteWins>false</lastWriteWins>
  <nVal>3</nVal>
  <vclockProps>
    <smallVClock>50</smallVClock>
    <bigVClock>50</bigVClock>
    <youngVClock>20</youngVClock>
    <oldVClock>86400</oldVClock>
  </vclockProps>
  <capProps>
    <r>
      <i>-3</i>
      <quorum>QUORUM</quorum>
    </r>
    <w>
      <i>-3</i>
      <quorum>QUORUM</quorum>
    </w>
    <dw>
      <i>-3</i>
      <quorum>QUORUM</quorum>
    </dw>
    <rw>
      <i>-3</i>
      <quorum>QUORUM</quorum>
    </rw>
    <pr>
      <i>0</i>
      <quorum>INTEGER</quorum>
    </pr>
    <pw>
      <i>0</i>
      <quorum>INTEGER</quorum>
    </pw>
    <basicQuorum>false</basicQuorum>
    <notFoundOK>true</notFoundOK>
  </capProps>
  <chashKeyFunction>
    <mod>riak_core_util</mod>
    <fun>chash_std_keyfun</fun>
  </chashKeyFunction>
  <linkWalkFunction>
    <mod>riak_kv_wm_link_walker</mod>
    <fun>mapreduce_linkfun</fun>
  </linkWalkFunction>
  <search>false</search>
</com.basho.riak.client.bucket.DefaultBucketProperties>